PlantHeight,tasselbranchNum,tasselbranchAngle_degrees,gpm289b,gpm462,IDP155,IDP414,IDP708,umc2317,AY110411,IDP2385,umc2134,npi263,gpm841,csu340,IDP833,IDP3968,lim104,AY106518,umc1004,mmp184,gpm329a,umc1970,psr666,AY109929,AY109611,IDP820,IDP2424,IDP358,umc1072,umc1824a,IDP125,IDP2445,AY110217,umc2184,gpm777,umc1679,AY110473,bnl5.09a,IDP100,umc2038,AY104465,gpm339c,IDP3983,bnlg244,umc1663,csu481,gpm434b,AY110032,umc1262a,IDP4002,gpm922i,umc2283,npi282a,gpm857,umc2035,umc1426,umc1941,gpm823,IDP338,gpm847,gpm737,gpm292a,bnlg1118,bnl5.10,umc1130,IDP73,IDP2371,gpm375a,IDP2556,mmp101,IDP583,gpm398c,AY111178,gpm696,gpm145c,IDP36,gpm748a,IDP3817,mmc0471a,bnlg1057,mmp38,epl101,umc26a,gpm150b,gpm307b,gpm487,umc1505,IDP2468,umc1239,gpm449b,IDP458,gpm549,mmp156,AY110023,gpm848b,asg44,AY106026,csu235,gpm911,gpm750b,umc2266,gpm717b
,,,6,3,4,4,9,6,10,1,9,7,6,5,6,9,2,3,2,3,8,3,2,1,4,1,6,7,5,2,3,5,9,2,10,5,7,9,4,4,7,8,4,9,8,6,5,8,2,5,6,4,5,1,5,7,5,3,3,3,10,9,5,9,8,3,2,3,10,1,3,2,10,10,4,5,5,9,4,1,3,7,3,1,2,2,9,2,10,4,5,4,1,7,4,9,3,4,8,6,3,8
,,,4712.87,2102.66,3502.92,3424.52,6422.41,4440.88,6881.23,203.71,6449.45,5188.29,4272.97,3737.51,4481.07,6297.71,1847.6,2449.15,1522.87,2259.2,5702.37,1898.21,1485.22,223.74,3475.61,717.45,4350.76,5099.92,4115.08,1233.61,1870.7,3906.25,6418.34,1833.5,6892.47,3586.5,4933.03,6545.25,3240.77,3171.37,4824.1,5640.98,3030.61,6187.62,6008.19,4466.18,3537.7,5654.83,1294.11,4146.23,4627.53,3054.43,3644.31,225.64,3746.01,4802.8,4007.67,2415.77,2352.4,2194.6,6901.92,6332.34,4105.48,6274.18,5730.15,2279.93,1157.22,2224.86,6942.4,439.58,2466.61,1255.38,6917.46,7004.9,3004.28,4031.35,3896.95,6154.95,2992.22,546.7,1912.61,4942.28,2214.29,483.14,1566.71,1740.85,6680.37,1479.72,6903.35,3333.2,3920.84,2878.06,542.6,5184.29,2836.95,6486.35,2285.44,2903.41,5936.08,4475.52,2304.4,5635.51
62,3,5,B,B,B,B,B,B,B,A,B,A,B,B,B,A,B,B,B,A,B,A,B,-,A,A,B,B,A,B,B,A,B,B,B,B,B,A,A,A,B,B,B,B,B,B,B,B,B,A,-,B,B,B,B,B,A,B,B,B,B,B,A,-,A,A,B,A,A,A,A,B,A,B,B,B,A,B,B,-,A,-,B,A,B,B,B,B,A,A,A,B,A,A,B,A,A,B,A,B,A,B
40,NA,NA,B,A,B,A,A,A,B,A,A,A,B,B,A,A,B,A,B,A,A,-,A,A,B,B,B,B,-,B,B,B,A,B,B,A,A,A,B,B,A,A,B,-,B,A,A,A,A,B,A,B,A,A,B,A,-,A,-,B,B,A,B,A,A,A,B,A,A,B,A,A,A,A,B,B,B,B,B,B,B,A,A,A,B,B,A,A,A,A,B,B,A,A,B,A,A,B,A,A,A,-
57,NA,NA,B,B,B,A,B,B,B,B,B,B,A,A,A,B,B,A,A,B,B,B,A,A,B,A,A,A,A,A,B,A,B,B,B,B,B,B,B,B,B,A,B,A,A,A,B,A,B,A,A,B,B,A,A,B,B,A,B,B,B,B,B,B,B,B,B,B,B,B,B,A,B,B,B,B,B,A,B,A,B,B,B,-,-,A,B,A,B,A,A,B,A,B,B,B,B,B,B,A,B,A
57,3,5,B,B,B,B,B,-,B,A,B,B,A,B,B,B,B,A,A,B,B,A,A,B,-,B,A,A,A,B,B,B,B,B,-,B,A,B,B,A,A,B,A,A,B,B,B,B,B,A,A,-,B,B,B,A,A,A,B,B,B,B,A,B,B,B,A,B,B,-,B,B,B,B,-,A,B,B,A,A,-,A,B,-,A,B,B,A,B,B,B,B,A,B,A,B,B,A,-,B,B,-
37,3,10,A,B,B,B,A,B,A,B,B,A,B,A,B,A,A,B,B,B,B,B,B,B,B,B,B,B,A,A,B,A,B,A,A,A,A,A,A,B,A,B,B,-,A,B,B,B,B,A,A,B,A,B,A,A,A,A,A,B,A,A,A,-,B,B,B,B,A,A,B,A,A,A,B,A,A,A,B,B,A,A,B,B,B,B,A,A,A,A,A,B,B,A,A,-,B,B,A,B,B,B
85,5,8,B,B,B,B,B,B,B,A,B,B,A,A,B,B,A,B,A,A,B,B,A,A,B,B,B,A,A,B,B,B,A,A,B,B,A,B,-,B,A,B,A,A,B,B,A,B,B,A,A,B,B,A,B,A,A,-,B,A,B,B,A,-,B,A,A,A,B,B,A,B,B,B,A,B,B,A,A,A,B,A,A,B,B,A,B,A,B,A,B,A,A,B,B,B,A,A,B,B,B,B
77,5,20,B,B,B,B,B,A,B,B,B,-,B,A,B,A,A,B,A,B,B,B,A,A,-,A,A,A,B,A,B,A,B,-,B,B,A,-,B,A,A,B,B,A,B,-,A,B,A,B,-,A,A,A,A,A,A,B,B,A,-,A,B,-,B,B,A,B,B,A,B,A,B,B,A,A,A,A,A,B,B,A,A,A,A,B,A,A,B,B,A,-,B,A,A,A,B,A,B,B,B,B
72,2,10,B,A,B,A,B,A,B,A,B,B,B,B,A,B,A,A,-,B,B,B,B,B,A,A,A,B,B,B,B,B,B,A,B,A,A,A,A,B,A,A,A,B,A,A,A,A,A,A,A,A,A,B,B,A,B,A,B,B,B,B,B,B,B,B,A,B,A,B,B,B,A,A,A,A,B,B,A,A,B,A,B,A,A,B,B,B,A,A,B,A,A,B,A,B,B,A,A,A,B,A
76,NA,NA,B,B,A,A,B,B,A,B,A,B,B,A,A,A,A,A,A,-,B,A,A,A,A,A,A,A,-,B,-,B,B,A,A,B,A,A,B,B,B,B,B,A,A,A,A,A,B,A,A,B,A,A,A,B,A,A,A,A,A,A,B,A,A,B,B,B,A,B,B,B,A,A,B,A,B,A,B,B,A,B,A,B,A,B,A,A,A,B,A,A,B,B,B,A,-,A,A,A,A,B
58,6,10,A,B,A,B,B,-,A,B,B,B,-,B,B,A,B,-,A,-,B,B,B,A,A,A,A,A,B,A,B,A,A,B,A,A,B,A,-,-,A,B,A,A,A,B,B,B,B,B,A,B,B,A,B,A,A,A,A,B,A,B,B,A,B,B,A,B,A,-,B,A,A,A,A,B,A,A,A,A,B,A,B,A,A,B,A,B,A,B,B,A,-,-,B,-,-,A,B,B,-,B
79,6,15,B,A,B,B,B,-,B,A,B,A,-,A,B,B,A,A,B,B,B,B,A,A,B,B,A,A,B,A,B,B,B,B,B,B,A,A,A,A,-,-,B,B,B,B,B,B,A,A,B,B,B,A,-,A,B,-,-,A,B,B,B,B,B,B,A,B,B,B,B,B,B,B,B,B,B,B,B,B,B,A,-,B,-,B,-,A,B,A,B,B,B,A,B,B,B,B,B,B,-,B
39,4,7,-,-,A,A,A,A,A,A,A,A,-,B,A,A,A,B,A,A,-,A,A,B,A,A,B,A,B,A,B,B,A,A,-,B,A,B,A,A,B,-,B,B,B,A,-,A,A,B,-,B,B,-,B,A,A,-,A,-,-,-,-,A,A,A,A,-,A,B,A,-,A,-,-,B,-,B,B,A,A,A,A,-,-,-,B,A,A,-,A,-,A,A,-,B,A,A,-,-,A,-
43,NA,NA,B,A,B,B,B,-,A,B,A,A,A,B,A,A,B,A,A,B,A,B,A,B,A,B,A,B,B,A,A,A,B,B,B,A,A,B,A,B,B,A,A,A,B,A,B,B,A,B,A,B,A,B,-,B,A,A,B,A,B,B,B,A,A,B,B,B,B,-,B,A,B,A,B,A,A,A,B,A,B,A,A,B,A,B,A,A,B,B,A,B,A,A,B,A,B,B,B,A,-,A
69,NA,NA,B,A,A,A,B,-,B,A,B,-,B,B,A,A,A,B,B,-,B,A,B,A,A,A,B,A,B,A,-,B,B,-,A,B,A,-,A,-,B,B,B,A,B,-,B,B,B,A,A,A,-,A,B,B,A,B,B,A,B,B,A,-,B,A,A,A,B,-,A,B,B,-,A,A,B,A,-,B,A,A,-,B,B,B,B,B,B,A,B,-,-,B,A,B,A,-,B,A,A,B
83,5,20,B,A,B,A,B,A,B,A,B,B,B,B,A,B,A,A,-,B,B,B,B,B,A,A,A,B,B,B,B,B,B,A,B,A,A,A,A,B,A,A,A,B,A,A,A,A,A,A,A,A,A,B,B,A,B,A,B,B,B,B,B,B,B,B,A,B,A,B,B,B,A,A,A,A,B,B,A,A,B,A,B,A,A,B,B,B,A,A,B,A,A,B,A,B,B,A,A,A,B,A
53,5,5,-,A,A,A,A,A,A,B,A,A,-,B,B,A,A,B,A,A,-,B,A,B,A,B,A,B,-,B,B,A,A,A,A,A,A,-,A,B,A,-,A,A,B,B,-,B,A,B,-,-,B,-,B,A,A,B,B,B,A,A,-,-,B,B,B,-,A,-,B,A,-,-,B,A,A,A,B,B,A,A,B,A,A,-,B,A,A,A,A,B,B,B,B,A,-,-,A,B,B,B
63,3,17,B,B,-,-,-,B,A,-,B,B,A,A,-,-,B,B,-,B,B,A,A,B,B,-,-,-,A,B,-,-,B,B,-,A,A,B,-,B,A,A,-,A,B,B,A,A,B,-,-,B,B,B,A,A,B,B,-,B,-,A,A,A,B,-,-,B,-,-,-,B,A,A,-,-,-,-,B,B,B,A,-,-,B,A,-,-,A,A,-,A,B,B,B,-,B,B,-,-,B,-
75,NA,NA,A,B,A,B,A,B,B,A,A,B,A,B,B,B,B,B,B,A,A,B,A,A,-,A,A,A,A,A,-,A,-,B,B,B,A,B,A,A,-,A,A,B,A,-,B,-,A,A,B,A,-,A,B,B,B,A,A,A,B,A,B,B,A,B,B,A,B,B,B,A,B,A,A,A,A,B,A,B,B,A,A,B,B,B,A,A,B,B,A,B,B,-,A,A,B,A,A,-,A,A
73,2,15,A,-,A,A,A,B,B,A,A,-,A,B,B,A,B,A,A,B,A,B,-,A,A,A,A,A,A,B,A,A,B,A,B,B,A,-,A,B,A,B,A,A,B,B,B,B,B,B,A,B,-,A,B,A,A,A,A,B,B,A,A,-,A,B,B,A,B,B,B,B,B,B,A,A,A,A,A,A,A,A,-,-,B,A,A,A,B,A,-,A,B,A,A,-,B,-,B,B,-,-
49,5,10,-,-,B,B,B,-,A,A,-,A,-,A,A,B,B,A,A,A,-,B,B,A,A,B,A,B,B,A,A,A,A,B,-,A,A,A,B,B,A,-,B,-,B,A,-,-,A,B,-,B,B,-,A,A,B,-,-,-,-,-,B,A,B,A,A,-,A,B,A,-,A,-,-,B,-,A,B,A,-,A,A,-,-,-,A,B,A,-,B,-,A,A,-,A,A,A,-,-,A,-
74,5,12,B,A,A,A,B,B,B,B,B,A,B,A,B,B,B,B,B,B,B,B,B,B,A,B,B,B,B,A,A,A,B,B,B,A,B,B,A,B,A,B,A,A,B,B,A,B,B,A,A,A,A,B,A,B,A,B,B,B,B,B,B,B,B,A,A,B,B,A,A,A,B,B,A,A,A,A,A,A,A,B,B,A,B,B,B,B,B,A,B,A,B,A,B,B,-,A,B,B,A,B
25,6,20,B,A,B,B,A,A,A,A,A,B,B,A,A,A,A,B,-,B,A,B,B,A,B,A,A,A,A,A,B,A,B,A,-,A,A,B,B,A,A,A,A,-,B,A,B,-,B,B,-,A,A,A,B,B,A,B,B,A,-,B,B,A,A,B,B,B,A,A,B,A,A,B,-,A,-,A,A,A,-,A,B,-,B,B,B,B,A,A,A,A,A,B,A,-,B,A,-,-,B,-
63,1,6,B,B,-,-,-,B,A,-,B,B,A,A,-,-,B,B,-,B,B,A,A,B,B,-,-,-,A,B,-,-,B,B,-,A,A,B,-,B,A,A,-,A,B,B,A,A,B,-,-,B,B,B,A,A,B,B,-,B,-,A,A,A,B,-,-,B,-,-,-,B,A,A,-,-,-,-,B,B,B,A,-,-,B,A,-,-,A,A,-,A,B,B,B,-,B,B,-,-,B,-
63,4,10,B,A,A,A,B,-,B,A,B,-,B,B,A,A,A,B,B,-,B,A,B,A,A,A,B,A,B,A,-,B,B,-,A,B,A,-,A,-,B,B,B,A,B,-,B,B,B,A,A,A,-,A,B,B,A,B,B,A,B,B,A,-,B,A,A,A,B,-,A,B,B,-,A,A,B,A,-,B,A,A,-,B,B,B,B,B,B,A,B,-,-,B,A,B,A,-,B,A,A,B
69,5,35,B,-,B,A,A,A,B,A,A,B,-,A,A,A,B,B,A,B,A,B,A,A,A,A,B,A,B,A,A,B,B,A,B,A,B,B,B,B,A,A,A,A,A,A,A,B,B,A,B,A,A,A,B,B,A,B,A,B,B,A,A,A,A,B,A,B,A,A,A,A,A,A,A,B,B,A,A,A,B,B,B,A,B,B,B,A,A,A,B,B,A,B,B,-,A,B,A,A,A,A
54,3,10,A,B,B,B,B,B,A,A,B,A,B,A,B,B,A,B,A,A,B,B,B,A,A,A,B,A,A,A,B,B,B,A,A,B,A,B,B,A,B,A,B,A,B,B,B,A,A,B,A,A,A,A,A,A,A,A,B,B,A,B,A,B,B,A,A,A,B,A,B,A,B,B,A,B,B,B,A,B,B,A,A,B,B,A,-,B,B,B,B,A,B,A,A,B,B,A,-,B,B,-
67,NA,NA,B,A,A,A,B,A,B,A,B,A,B,A,A,B,A,B,A,B,B,-,B,A,A,A,B,A,B,B,B,B,B,A,B,A,A,A,A,B,B,B,A,B,B,-,A,B,B,A,A,-,A,A,A,A,-,B,A,B,B,B,B,B,B,B,A,B,B,A,B,B,B,A,B,A,B,B,B,B,B,A,B,A,A,B,B,B,B,A,B,A,B,A,A,A,B,B,B,A,B,B
35,NA,NA,A,B,B,B,B,B,A,A,B,B,A,B,B,B,A,B,A,B,B,B,A,A,A,A,A,B,B,A,B,A,B,A,A,A,A,B,B,B,B,B,A,B,B,B,A,A,A,B,A,A,B,A,B,A,A,B,A,B,A,B,A,B,B,B,A,B,A,A,B,A,A,A,A,A,B,B,A,A,B,A,B,A,A,B,B,A,A,A,A,A,A,A,A,B,B,A,B,B,B,B
63,6,10,-,-,-,-,-,-,-,-,-,-,-,-,-,-,-,-,-,-,-,-,-,-,-,-,-,-,-,-,-,-,-,-,-,-,-,-,-,-,-,-,-,-,-,-,-,-,-,-,-,-,-,-,-,-,-,-,-,-,-,-,-,-,-,-,-,-,-,-,-,-,-,-,-,-,-,-,-,-,-,-,-,-,-,-,-,-,-,-,-,-,-,-,-,-,-,-,-,-,-,-
56,NA,NA,A,A,A,B,B,A,B,A,-,B,A,B,A,B,A,B,A,B,B,B,A,A,A,A,B,A,A,B,-,A,B,-,B,A,A,A,B,A,A,B,A,A,B,A,A,B,B,A,A,B,A,A,B,A,A,B,A,B,B,B,A,B,B,B,A,B,B,A,A,B,B,B,A,B,A,A,A,A,B,A,B,A,A,A,-,A,B,B,A,B,A,A,B,A,-,A,-,A,A,B
40,7,30,B,B,B,B,B,B,B,A,B,A,A,B,A,B,A,A,A,A,A,B,A,A,-,B,A,B,B,A,B,B,B,A,B,B,A,B,-,B,A,A,B,A,B,A,B,A,A,A,B,B,B,A,B,A,B,A,B,B,B,-,B,B,B,B,A,B,B,A,B,A,B,-,B,A,B,A,B,B,B,A,A,-,A,A,-,A,B,B,B,B,B,A,B,A,B,B,-,A,A,-
66,6,10,B,A,A,A,A,B,B,B,A,A,B,A,A,B,B,B,B,B,B,B,B,A,-,B,B,A,B,A,B,B,-,B,B,A,B,B,A,A,A,B,B,B,A,A,A,B,B,B,B,B,A,A,A,A,A,B,B,B,B,A,B,B,B,B,A,B,B,B,B,B,B,B,B,A,B,B,B,B,A,B,B,A,B,B,B,B,B,A,B,B,A,-,B,B,B,B,A,A,B,B
62,3,5,A,B,B,B,B,A,B,A,B,B,A,A,B,A,A,B,A,B,-,B,A,A,A,A,A,A,A,B,B,B,B,-,B,A,A,A,B,B,B,A,A,A,B,A,A,A,A,A,B,-,A,A,A,B,A,B,B,A,B,A,A,B,A,B,A,B,B,A,B,B,B,A,A,A,B,A,A,B,B,A,B,A,A,B,B,A,B,A,A,-,B,B,B,-,B,A,A,A,B,A
84,8,15,B,B,A,A,B,B,-,B,B,-,A,A,A,B,A,A,A,A,A,B,A,B,A,A,A,A,B,A,B,B,A,A,-,A,A,A,B,A,A,B,A,B,A,A,A,A,B,A,-,A,B,B,A,A,A,A,A,A,-,B,B,B,A,A,A,A,A,B,A,A,A,B,-,B,-,B,A,A,B,A,A,-,A,B,B,A,A,B,B,A,A,A,-,A,A,A,-,-,A,-
63,7,8,B,-,A,B,A,B,A,A,B,B,B,B,B,A,B,-,-,B,B,B,B,A,A,B,B,B,A,A,B,A,A,-,A,B,A,A,A,A,A,B,A,-,A,B,B,-,B,A,-,-,A,A,B,A,A,-,B,B,A,A,A,A,B,B,B,B,A,A,B,A,A,A,A,A,A,A,A,A,B,A,B,A,A,B,B,A,A,A,A,B,A,A,B,B,B,A,A,B,B,B
35,5,7,A,B,A,A,B,A,A,B,B,B,B,A,A,B,A,B,A,-,B,A,A,B,A,B,A,B,A,B,A,B,B,B,B,B,A,B,B,B,A,A,A,B,A,A,A,B,B,A,A,A,-,B,A,A,B,B,B,B,B,B,A,B,A,A,A,B,A,A,B,B,A,B,A,A,B,B,A,B,A,A,B,-,A,B,A,A,A,B,B,B,B,B,A,A,B,A,B,A,B,-
64,3,10,B,B,B,B,B,A,B,A,B,A,A,A,A,A,A,A,A,A,A,B,A,B,A,B,A,A,B,A,B,A,B,B,B,A,A,A,B,A,B,A,A,B,A,A,B,-,B,B,B,-,B,A,A,A,A,A,A,B,B,A,-,A,A,B,B,A,B,A,B,A,B,B,A,B,A,B,A,B,B,A,B,A,B,B,B,A,B,A,B,A,B,A,A,B,B,A,A,A,A,A
77,NA,NA,A,B,A,B,A,B,B,A,A,B,A,B,B,B,B,B,B,A,A,B,A,A,-,A,A,A,A,A,-,A,-,B,B,B,A,B,A,A,-,A,A,B,A,-,B,-,A,A,B,A,-,A,B,B,B,A,A,A,B,A,B,B,A,B,B,A,B,B,B,A,B,A,A,A,A,B,A,B,B,A,A,B,B,B,A,A,B,B,A,B,B,-,A,A,B,A,A,-,A,A
71,NA,NA,B,-,B,B,A,A,B,A,A,A,B,A,A,A,B,A,A,B,B,A,A,A,B,A,B,A,A,A,A,A,-,A,B,A,A,B,A,B,A,B,B,-,A,A,A,B,B,A,A,B,B,A,A,A,A,A,A,A,B,A,B,A,B,B,B,A,B,B,B,B,B,B,B,B,A,A,B,B,A,A,A,B,A,A,B,A,B,A,B,B,B,A,-,-,B,B,B,A,B,B
76,7,10,B,B,A,B,B,A,A,B,B,-,-,A,A,B,A,B,A,B,B,B,A,-,B,A,A,B,A,B,B,A,B,A,B,B,B,A,A,B,A,B,B,B,B,A,B,B,B,A,A,B,B,A,A,B,A,B,A,B,B,B,A,B,B,B,B,B,A,B,B,A,B,-,B,B,A,A,B,B,B,A,B,B,A,B,B,A,B,A,B,A,B,A,B,A,B,B,A,A,A,B
53,2,25,B,B,-,-,-,B,A,-,B,B,A,A,-,-,B,B,-,B,B,A,A,B,B,-,-,-,A,B,-,-,B,B,-,A,A,B,-,B,A,A,-,A,B,B,A,A,B,-,-,B,B,B,A,A,B,B,-,B,-,A,A,A,B,-,-,B,-,-,-,B,A,A,-,-,-,-,B,B,B,A,-,-,B,A,-,-,A,A,-,A,B,B,B,-,B,B,-,-,B,-
43,2,8,B,B,-,-,-,B,A,-,B,B,A,A,-,-,B,B,-,B,B,A,A,B,B,-,-,-,A,B,-,-,B,B,-,A,A,B,-,B,A,A,-,A,B,B,A,A,B,-,-,B,B,B,A,A,B,B,-,B,-,A,A,A,B,-,-,B,-,-,-,B,A,A,-,-,-,-,B,B,B,A,-,-,B,A,-,-,A,A,-,A,B,B,B,-,B,B,-,-,B,-
49,3,15,B,B,B,A,B,B,B,B,B,B,A,A,A,B,B,A,A,B,B,B,A,A,B,A,A,A,A,A,B,A,B,B,B,B,B,B,B,B,B,A,B,A,A,A,B,A,B,A,A,B,B,A,A,B,B,A,B,B,B,B,B,B,B,B,B,B,B,B,B,A,B,B,B,B,B,A,B,A,B,B,B,-,-,A,B,A,B,A,A,B,A,B,B,B,B,B,B,A,B,A
63,8,20,-,-,A,B,A,-,B,B,A,B,-,B,B,B,A,B,A,B,-,B,B,B,A,A,A,A,A,B,B,B,A,A,-,B,B,-,B,A,A,-,A,B,B,B,-,B,B,B,-,A,B,-,B,A,B,-,A,-,-,-,A,B,B,B,B,-,B,-,B,-,-,-,-,A,-,B,B,A,B,A,A,-,-,-,-,B,B,-,B,-,-,-,-,-,B,B,-,-,-,-
61,5,10,B,A,A,A,B,B,B,A,B,A,A,B,A,B,B,A,A,A,B,A,B,A,A,A,A,B,-,A,A,A,B,B,B,B,B,B,-,B,B,A,B,A,A,A,A,A,A,A,A,B,B,A,B,B,A,A,B,A,B,B,A,B,B,A,B,A,B,A,A,A,B,A,B,A,A,A,B,B,A,A,A,A,B,A,-,B,B,A,B,B,B,A,A,B,A,B,A,A,A,A
69,NA,NA,A,A,B,A,B,B,A,B,B,A,A,B,B,A,B,A,A,A,B,A,A,B,B,B,A,A,B,B,B,A,B,A,A,A,B,B,A,A,B,B,B,A,B,B,A,-,B,A,-,B,A,-,B,A,B,-,B,A,A,A,B,A,B,A,A,B,A,A,B,B,A,A,B,A,B,A,B,A,A,B,A,A,A,-,A,A,A,A,B,A,A,A,B,B,B,B,B,B,B,B
74,NA,NA,B,B,B,B,B,B,B,A,B,B,A,A,B,B,A,B,A,A,B,B,A,A,B,B,B,A,A,B,B,B,A,A,B,B,A,B,-,B,A,B,A,A,B,B,A,B,B,A,A,B,B,A,B,A,A,-,B,A,B,B,A,-,B,A,A,A,B,B,A,B,B,B,A,B,B,A,A,A,B,A,A,B,B,A,B,A,B,A,B,A,A,B,B,B,A,A,B,B,B,B
59,3,20,-,-,A,B,A,-,B,B,A,B,-,B,B,B,A,B,A,B,-,B,B,B,A,A,A,A,A,B,B,B,A,A,-,B,B,-,B,A,A,-,A,B,B,B,-,B,B,B,-,A,B,-,B,A,B,-,A,-,-,-,A,B,B,B,B,-,B,-,B,-,-,-,-,A,-,B,B,A,B,A,A,-,-,-,-,B,B,-,B,-,-,-,-,-,B,B,-,-,-,-
47,3,20,A,B,B,B,B,A,B,A,B,B,A,A,B,A,A,B,A,B,-,B,A,A,A,A,A,A,A,B,B,B,B,-,B,A,A,A,B,B,B,A,A,A,B,A,A,A,A,A,B,-,A,A,A,B,A,B,B,A,B,A,A,B,A,B,A,B,B,A,B,B,B,A,A,A,B,A,A,B,B,A,B,A,A,B,B,A,B,A,A,-,B,B,B,-,B,A,A,A,B,A
70,3,5,B,B,B,B,B,-,B,B,B,A,B,B,B,A,B,A,B,B,A,A,B,B,B,B,B,A,A,A,A,A,B,A,B,A,A,-,A,B,A,A,B,A,B,B,A,A,B,B,A,B,A,B,B,A,A,A,B,B,B,A,A,-,B,B,B,B,A,A,B,A,A,A,B,A,A,A,B,B,A,A,B,A,B,A,B,A,B,B,A,A,B,A,B,B,B,A,A,B,B,A
58,4,10,A,A,B,A,A,A,A,A,A,A,A,A,A,B,B,A,B,B,-,B,B,A,-,B,A,B,A,A,-,B,B,B,A,A,B,A,B,B,B,A,A,B,A,A,A,B,A,A,B,A,B,A,A,B,A,A,B,B,A,B,A,A,A,B,A,B,A,B,B,A,A,B,A,A,B,B,A,A,B,B,B,A,B,B,A,B,A,A,B,B,A,A,B,B,B,B,A,A,B,A
72,5,10,B,B,A,A,B,B,A,B,B,A,B,A,B,A,B,A,B,A,B,B,B,B,A,B,B,A,B,B,A,B,B,B,A,A,B,A,A,B,B,B,A,B,B,B,A,A,B,B,A,A,-,B,A,A,A,A,B,-,A,A,B,B,B,A,B,A,A,A,A,B,A,A,A,A,B,B,A,A,B,B,-,A,B,B,A,B,A,A,A,A,A,A,A,-,A,A,A,B,-,B
65,NA,NA,A,B,B,B,B,B,A,A,B,B,A,B,B,B,A,B,A,B,B,B,A,A,A,A,A,B,B,A,B,A,B,A,A,A,A,B,B,B,B,B,A,B,B,B,A,A,A,B,A,A,B,A,B,A,A,B,A,B,A,B,A,B,B,B,A,B,A,A,B,A,A,A,A,A,B,B,A,A,B,A,B,A,A,B,B,A,A,A,A,A,A,A,A,B,B,A,B,B,B,B
52,3,12,-,A,A,A,A,A,A,B,A,A,-,B,B,A,A,B,A,A,-,B,A,B,A,B,A,B,-,B,B,A,A,A,A,A,A,-,A,B,A,-,A,A,B,B,-,B,A,B,-,-,B,-,B,A,A,B,B,B,A,A,-,-,B,B,B,-,A,-,B,A,-,-,B,A,A,A,B,B,A,A,B,A,A,-,B,A,A,A,A,B,B,B,B,A,-,-,A,B,B,B
24,6,5,A,A,A,B,B,B,A,A,B,A,B,A,B,A,B,B,B,A,A,B,B,A,A,B,B,B,A,A,A,A,B,A,A,A,A,B,A,-,A,B,A,A,A,B,A,A,A,A,A,A,A,A,A,A,A,A,A,A,A,A,A,A,B,A,A,A,A,A,A,A,A,A,B,A,A,A,B,A,B,A,A,A,B,B,B,B,A,A,A,B,B,A,A,B,A,A,A,B,A,B
54,2,5,A,A,A,A,B,A,-,A,B,B,A,A,A,A,B,A,A,B,A,B,A,B,-,B,A,B,A,A,-,A,B,B,A,A,B,B,A,A,A,A,A,A,B,A,B,-,A,B,B,A,A,A,A,A,B,A,A,B,A,A,-,A,B,A,A,B,A,A,A,A,A,A,A,A,-,A,A,A,B,B,B,-,A,B,B,A,A,A,A,B,A,-,B,B,A,A,-,A,A,A
66,3,5,B,B,B,B,B,-,B,B,B,A,B,B,B,A,B,A,B,B,A,A,B,B,B,B,B,A,A,A,A,A,B,A,B,A,A,-,A,B,A,A,B,A,B,B,A,A,B,B,A,B,A,B,B,A,A,A,B,B,B,A,A,-,B,B,B,B,A,A,B,A,A,A,B,A,A,A,B,B,A,A,B,A,B,A,B,A,B,B,A,A,B,A,B,B,B,A,A,B,B,A
55,4,5,-,-,B,A,A,B,A,A,A,A,-,A,B,A,B,B,B,B,-,B,A,A,A,A,A,A,B,B,B,A,A,B,-,A,-,B,A,B,A,-,A,B,B,B,-,A,B,A,-,A,A,-,A,A,A,-,B,-,-,-,B,A,A,B,A,-,A,-,B,-,B,-,-,A,-,B,A,A,-,B,B,-,-,-,-,A,A,-,A,-,A,A,-,B,-,B,-,-,B,-
78,3,15,A,-,A,A,A,B,B,A,A,-,A,B,B,A,B,A,A,B,A,B,-,A,A,A,A,A,A,B,A,A,B,A,B,B,A,-,A,B,A,B,A,A,B,B,B,B,B,B,A,B,-,A,B,A,A,A,A,B,B,A,A,-,A,B,B,A,B,B,B,B,B,B,A,A,A,A,A,A,A,A,-,-,B,A,A,A,B,A,-,A,B,A,A,-,B,-,B,B,-,-
34,7,20,-,-,A,B,A,-,B,B,A,B,-,B,B,B,A,B,A,B,-,B,B,B,A,A,A,A,A,B,B,B,A,A,-,B,B,-,B,A,A,-,A,B,B,B,-,B,B,B,-,A,B,-,B,A,B,-,A,-,-,-,A,B,B,B,B,-,B,-,B,-,-,-,-,A,-,B,B,A,B,A,A,-,-,-,-,B,B,-,B,-,-,-,-,-,B,B,-,-,-,-
44,4,5,B,B,B,B,B,-,B,A,B,B,A,B,B,B,B,A,A,B,B,A,A,B,-,B,A,A,A,B,B,B,B,B,-,B,A,B,B,A,A,B,A,A,B,B,B,B,B,A,A,-,B,B,B,A,A,A,B,B,B,B,A,B,B,B,A,B,B,-,B,B,B,B,-,A,B,B,A,A,-,A,B,-,A,B,B,A,B,B,B,B,A,B,A,B,B,A,-,B,B,-
59,4,40,B,A,B,A,B,B,B,A,B,A,A,B,B,B,A,A,A,A,B,A,A,A,A,B,A,B,B,A,B,A,B,-,B,B,A,B,B,A,B,B,A,B,A,B,-,A,A,B,B,A,B,-,B,B,A,A,B,A,B,B,B,B,B,A,A,A,A,A,A,B,B,A,A,A,A,A,A,A,B,A,A,A,A,-,A,A,B,A,A,B,A,A,B,B,A,B,B,B,A,B
49,4,25,B,B,A,B,B,B,B,A,B,B,B,B,B,A,B,B,B,-,B,B,A,A,A,A,B,B,A,A,B,B,B,B,B,B,B,B,-,A,A,B,B,A,B,B,B,B,A,A,A,B,B,A,B,A,B,A,A,B,B,A,A,B,A,B,B,A,B,B,A,A,A,B,B,A,B,A,B,A,B,B,B,A,B,A,B,A,B,B,B,-,A,B,B,B,A,A,B,B,A,B
49,8,5,-,-,A,A,B,A,B,B,A,B,-,A,A,B,A,A,-,A,-,B,A,A,A,A,B,A,A,-,A,A,B,A,-,B,B,-,B,A,B,-,A,B,B,A,-,A,A,B,-,A,B,-,A,B,A,-,B,-,-,-,A,B,B,B,B,-,B,B,B,-,B,-,-,A,-,B,B,B,B,B,B,-,-,-,A,A,B,-,A,-,B,A,-,A,B,B,-,-,B,-
66,4,10,B,A,A,A,B,-,B,A,B,-,B,B,A,A,A,B,B,-,B,A,B,A,A,A,B,A,B,A,-,B,B,-,A,B,A,-,A,-,B,B,B,A,B,-,B,B,B,A,A,A,-,A,B,B,A,B,B,A,B,B,A,-,B,A,A,A,B,-,A,B,B,-,A,A,B,A,-,B,A,A,-,B,B,B,B,B,B,A,B,-,-,B,A,B,A,-,B,A,A,B
36,NA,NA,-,-,A,A,B,A,B,B,A,B,-,A,A,B,A,A,-,A,-,B,A,A,A,A,B,A,A,-,A,A,B,A,-,B,B,-,B,A,B,-,A,B,B,A,-,A,A,B,-,A,B,-,A,B,A,-,B,-,-,-,A,B,B,B,B,-,B,B,B,-,B,-,-,A,-,B,B,B,B,B,B,-,-,-,A,A,B,-,A,-,B,A,-,A,B,B,-,-,B,-
73,5,5,-,-,-,-,-,-,-,-,-,-,-,-,-,-,-,-,-,-,-,-,-,-,-,-,-,-,-,-,-,-,-,-,-,-,-,-,-,-,-,-,-,-,-,-,-,-,-,-,-,-,-,-,-,-,-,-,-,-,-,-,-,-,-,-,-,-,-,-,-,-,-,-,-,-,-,-,-,-,-,-,-,-,-,-,-,-,-,-,-,-,-,-,-,-,-,-,-,-,-,-
48,6,12,A,A,B,A,B,B,A,B,B,A,A,B,B,A,B,A,A,A,B,A,A,B,B,B,A,A,B,B,B,A,B,A,A,A,B,B,A,A,B,B,B,A,B,B,A,-,B,A,-,B,A,-,B,A,B,-,B,A,A,A,B,A,B,A,A,B,A,A,B,B,A,A,B,A,B,A,B,A,A,B,A,A,A,-,A,A,A,A,B,A,A,A,B,B,B,B,B,B,B,B
64,3,5,A,A,A,A,A,A,A,A,A,A,B,A,A,A,A,B,B,A,B,B,B,-,-,B,B,A,A,B,B,A,A,A,A,A,B,A,A,A,B,B,A,A,A,A,-,B,B,A,A,A,B,A,A,-,A,A,A,A,A,A,A,A,B,A,B,A,A,A,A,B,A,A,A,B,A,B,A,A,B,B,A,A,B,A,A,B,A,A,B,B,A,A,B,A,A,-,A,A,A,B
57,NA,NA,B,A,B,B,B,-,A,B,A,A,A,B,A,A,B,A,A,B,A,B,A,B,A,B,A,B,B,A,A,A,B,B,B,A,A,B,A,B,B,A,A,A,B,A,B,B,A,B,A,B,A,B,-,B,A,A,B,A,B,B,B,A,A,B,B,B,B,-,B,A,B,A,B,A,A,A,B,A,B,A,A,B,A,B,A,A,B,B,A,B,A,A,B,A,B,B,B,A,-,A
53,3,10,A,B,B,B,B,A,A,B,B,B,A,-,B,A,A,A,-,B,A,B,A,A,B,A,A,A,A,B,B,A,B,A,B,A,A,B,A,A,A,A,B,B,A,B,A,A,B,A,B,B,A,A,B,A,A,A,A,B,B,A,A,B,B,B,B,B,B,A,B,B,B,B,A,A,A,A,A,B,B,A,B,A,A,B,B,A,B,B,A,A,B,-,B,-,B,A,B,B,B,A
75,1,5,B,B,A,A,B,B,A,A,B,A,A,B,B,A,B,B,A,B,A,B,A,B,-,B,B,B,A,A,B,A,B,B,A,B,A,B,-,B,A,A,A,B,B,B,B,B,A,A,A,-,B,B,A,B,B,B,B,B,A,-,A,-,A,B,A,B,A,A,B,A,A,B,A,B,A,B,A,A,B,A,B,A,A,B,A,A,A,A,A,A,A,A,-,B,B,A,A,B,B,A
71,3,7,B,B,B,B,B,A,B,A,B,A,A,A,A,A,A,A,A,A,A,B,A,B,A,B,A,A,B,A,B,A,B,B,B,A,A,A,B,A,B,A,A,B,A,A,B,-,B,B,B,-,B,A,A,A,A,A,A,B,B,A,-,A,A,B,B,A,B,A,B,A,B,B,A,B,A,B,A,B,B,A,B,A,B,B,B,A,B,A,B,A,B,A,A,B,B,A,A,A,A,A
64,4,5,A,B,A,A,B,A,A,B,B,B,B,A,A,B,A,B,A,-,B,A,A,B,A,B,A,B,A,B,A,B,B,B,B,B,A,B,B,B,A,A,A,B,A,A,A,B,B,A,A,A,-,B,A,A,B,B,B,B,B,B,A,B,A,A,A,B,A,A,B,B,A,B,A,A,B,B,A,B,A,A,B,-,A,B,A,A,A,B,B,B,B,B,A,A,B,A,B,A,B,-
48,NA,NA,A,B,B,B,A,B,A,B,B,A,B,A,B,A,A,B,B,B,B,B,B,B,B,B,B,B,A,A,B,A,B,A,A,A,A,A,A,B,A,B,B,-,A,B,B,B,B,A,A,B,A,B,A,A,A,A,A,B,A,A,A,-,B,B,B,B,A,A,B,A,A,A,B,A,A,A,B,B,A,A,B,B,B,B,A,A,A,A,A,B,B,A,A,-,B,B,A,B,B,B
77,5,12,A,A,A,A,B,-,A,A,B,A,A,B,A,A,A,B,A,B,B,B,A,B,A,A,A,A,B,A,B,B,B,B,A,A,A,B,A,A,A,B,A,A,A,A,A,B,B,A,-,-,A,B,B,A,A,A,B,A,A,A,B,A,B,B,A,A,A,B,B,A,A,A,A,B,B,A,A,A,-,A,A,B,A,A,B,A,A,A,B,B,A,A,A,B,B,B,A,-,B,B
20,5,15,B,B,B,A,B,A,A,A,B,A,A,B,B,B,B,B,A,B,A,B,A,A,A,B,B,A,-,A,B,B,B,B,A,B,B,-,-,B,B,A,B,A,B,B,B,B,-,B,A,-,B,A,B,B,B,A,A,B,A,B,B,-,B,B,A,B,A,A,B,-,A,A,B,A,B,A,B,-,B,B,A,A,B,A,B,A,A,A,B,B,B,A,B,A,B,A,A,B,B,-
60,6,12,A,B,A,B,B,-,A,B,B,B,-,B,B,A,B,-,A,-,B,B,B,A,A,A,A,A,B,A,B,A,A,B,A,A,B,A,-,-,A,B,A,A,A,B,B,B,B,B,A,B,B,A,B,A,A,A,A,B,A,B,B,A,B,B,A,B,A,-,B,A,A,A,A,B,A,A,A,A,B,A,B,A,A,B,A,B,A,B,B,A,-,-,B,-,-,A,B,B,-,B
66,NA,NA,A,B,B,B,B,B,A,A,B,B,A,B,B,B,A,B,A,B,B,B,A,A,A,A,A,B,B,A,B,A,B,A,A,A,A,B,B,B,B,B,A,B,B,B,A,A,A,B,A,A,B,A,B,A,A,B,A,B,A,B,A,B,B,B,A,B,A,A,B,A,A,A,A,A,B,B,A,A,B,A,B,A,A,B,B,A,A,A,A,A,A,A,A,B,B,A,B,B,B,B
67,6,10,A,B,A,B,B,-,A,B,B,B,-,B,B,A,B,-,A,-,B,B,B,A,A,A,A,A,B,A,B,A,A,B,A,A,B,A,-,-,A,B,A,A,A,B,B,B,B,B,A,B,B,A,B,A,A,A,A,B,A,B,B,A,B,B,A,B,A,-,B,A,A,A,A,B,A,A,A,A,B,A,B,A,A,B,A,B,A,B,B,A,-,-,B,-,-,A,B,B,-,B
56,10,10,A,B,B,B,A,B,A,A,A,-,B,B,B,B,B,A,B,A,A,A,A,B,A,A,B,A,A,A,B,A,B,A,B,A,-,-,A,B,B,-,B,B,A,B,A,B,A,A,A,B,-,A,A,B,A,A,A,A,B,A,A,-,A,A,A,-,A,A,A,A,A,A,B,A,A,A,B,A,A,A,-,A,A,A,A,A,A,B,-,B,A,A,-,B,A,B,B,B,A,-
61,2,5,A,B,A,B,A,B,B,A,A,B,A,B,B,B,B,B,B,A,A,B,A,A,-,A,A,A,A,A,-,A,-,B,B,B,A,B,A,A,-,A,A,B,A,-,B,-,A,A,B,A,-,A,B,B,B,A,A,A,B,A,B,B,A,B,B,A,B,B,B,A,B,A,A,A,A,B,A,B,B,A,A,B,B,B,A,A,B,B,A,B,B,-,A,A,B,A,A,-,A,A
65,4,10,A,B,B,B,A,B,A,B,B,A,B,A,B,A,A,B,B,B,B,B,B,B,B,B,B,B,A,A,B,A,B,A,A,A,A,A,A,B,A,B,B,-,A,B,B,B,B,A,A,B,A,B,A,A,A,A,A,B,A,A,A,-,B,B,B,B,A,A,B,A,A,A,B,A,A,A,B,B,A,A,B,B,B,B,A,A,A,A,A,B,B,A,A,-,B,B,A,B,B,B
32,4,20,B,A,A,A,B,-,B,A,B,-,B,B,A,A,A,B,B,-,B,A,B,A,A,A,B,A,B,A,-,B,B,-,A,B,A,-,A,-,B,B,B,A,B,-,B,B,B,A,A,A,-,A,B,B,A,B,B,A,B,B,A,-,B,A,A,A,B,-,A,B,B,-,A,A,B,A,-,B,A,A,-,B,B,B,B,B,B,A,B,-,-,B,A,B,A,-,B,A,A,B
70,3,10,B,B,B,B,B,-,B,B,B,A,B,B,B,A,B,A,B,B,A,A,B,B,B,B,B,A,A,A,A,A,B,A,B,A,A,-,A,B,A,A,B,A,B,B,A,A,B,B,A,B,A,B,B,A,A,A,B,B,B,A,A,-,B,B,B,B,A,A,B,A,A,A,B,A,A,A,B,B,A,A,B,A,B,A,B,A,B,B,A,A,B,A,B,B,B,A,A,B,B,A
61,3,14,A,B,B,B,B,A,A,B,B,B,A,-,B,A,A,A,-,B,A,B,A,A,B,A,A,A,A,B,B,A,B,A,B,A,A,B,A,A,A,A,B,B,A,B,A,A,B,A,B,B,A,A,B,A,A,A,A,B,B,A,A,B,B,B,B,B,B,A,B,B,B,B,A,A,A,A,A,B,B,A,B,A,A,B,B,A,B,B,A,A,B,-,B,-,B,A,B,B,B,A
57,3,7,B,A,B,B,A,A,A,B,A,A,B,A,A,A,B,A,A,A,B,B,A,A,A,A,A,B,A,A,B,B,B,B,A,B,B,B,A,A,B,A,A,A,A,A,B,-,B,A,A,-,B,A,A,B,A,A,A,A,A,A,A,A,B,A,B,A,A,A,A,B,A,B,A,B,B,A,A,A,B,B,A,A,A,B,B,A,A,A,B,A,A,A,A,B,A,A,B,A,A,A
73,3,25,B,A,B,B,B,-,A,B,B,A,-,-,B,B,B,B,A,B,B,B,A,B,A,B,A,A,A,A,A,A,B,B,A,B,A,B,B,B,A,B,A,A,B,B,B,B,B,B,A,A,B,-,A,B,-,B,B,A,A,B,A,B,B,B,B,A,A,A,B,A,A,A,A,B,A,A,A,A,A,A,A,A,A,B,A,A,A,B,B,A,A,A,A,B,B,-,B,B,B,B
81,4,10,B,A,B,A,B,A,B,A,B,B,B,B,A,B,A,A,-,B,B,B,B,B,A,A,A,B,B,B,B,B,B,A,B,A,A,A,A,B,A,A,A,B,A,A,A,A,A,A,A,A,A,B,B,A,B,A,B,B,B,B,B,B,B,B,A,B,A,B,B,B,A,A,A,A,B,B,A,A,B,A,B,A,A,B,B,B,A,A,B,A,A,B,A,B,B,A,A,A,B,A
72,3,10,-,-,-,-,-,A,B,-,A,A,-,-,-,-,A,B,B,B,-,A,B,A,A,-,-,-,A,B,-,-,A,A,-,B,B,A,-,A,B,-,-,B,B,A,-,A,B,-,-,B,B,-,A,B,A,-,-,-,-,-,A,A,B,-,-,-,-,B,-,-,B,-,-,-,-,-,B,B,A,B,B,-,-,-,B,-,B,-,-,-,B,A,-,A,B,B,-,-,B,-
67,9,12,A,B,B,B,A,B,A,A,A,-,B,B,B,B,B,A,B,A,A,A,A,B,A,A,B,A,A,A,B,A,B,A,B,A,-,-,A,B,B,-,B,B,A,B,A,B,A,A,A,B,-,A,A,B,A,A,A,A,B,A,A,-,A,A,A,-,A,A,A,A,A,A,B,A,A,A,B,A,A,A,-,A,A,A,A,A,A,B,-,B,A,A,-,B,A,B,B,B,A,-
75,5,5,B,-,A,B,A,B,A,A,B,B,B,B,B,A,B,-,-,B,B,B,B,A,A,B,B,B,A,A,B,A,A,-,A,B,A,A,A,A,A,B,A,-,A,B,B,-,B,A,-,-,A,A,B,A,A,-,B,B,A,A,A,A,B,B,B,B,A,A,B,A,A,A,A,A,A,A,A,A,B,A,B,A,A,B,B,A,A,A,A,B,A,A,B,B,B,A,A,B,B,B
67,4,3,B,B,B,B,B,B,A,A,B,A,A,A,A,A,A,A,A,A,B,A,A,A,B,A,A,B,A,B,A,B,B,A,A,B,B,B,A,B,B,B,A,A,A,A,B,A,B,A,A,B,B,A,A,B,A,A,A,B,A,A,A,A,B,A,B,A,A,B,A,B,A,A,A,A,B,A,A,A,B,B,A,B,A,A,B,A,A,A,B,A,A,A,B,B,A,A,B,A,A,B
68,3,5,B,B,B,B,B,-,B,B,B,A,B,B,B,A,B,A,B,B,A,A,B,B,B,B,B,A,A,A,A,A,B,A,B,A,A,-,A,B,A,A,B,A,B,B,A,A,B,B,A,B,A,B,B,A,A,A,B,B,B,A,A,-,B,B,B,B,A,A,B,A,A,A,B,A,A,A,B,B,A,A,B,A,B,A,B,A,B,B,A,A,B,A,B,B,B,A,A,B,B,A
67,5,10,-,-,B,A,B,B,A,A,B,B,-,B,B,B,B,B,A,B,-,-,A,B,-,B,B,B,A,A,A,A,-,B,-,B,A,A,A,A,A,-,A,B,A,B,-,B,A,B,-,A,A,-,B,A,B,-,B,-,-,-,A,B,A,B,A,-,A,A,B,-,A,-,-,A,-,B,A,A,A,A,B,-,-,-,A,A,A,-,A,-,A,B,-,A,B,B,-,-,A,-
75,5,35,B,B,B,A,B,A,A,A,B,A,A,B,B,B,B,B,A,B,A,B,A,A,A,B,B,A,-,A,B,B,B,B,A,B,B,-,-,B,B,A,B,A,B,B,B,B,-,B,A,-,B,A,B,B,B,A,A,B,A,B,B,-,B,B,A,B,A,A,B,-,A,A,B,A,B,A,B,-,B,B,A,A,B,A,B,A,A,A,B,B,B,A,B,A,B,A,A,B,B,-
51,6,10,-,-,A,A,B,A,B,B,A,B,-,A,A,B,A,A,-,A,-,B,A,A,A,A,B,A,A,-,A,A,B,A,-,B,B,-,B,A,B,-,A,B,B,A,-,A,A,B,-,A,B,-,A,B,A,-,B,-,-,-,A,B,B,B,B,-,B,B,B,-,B,-,-,A,-,B,B,B,B,B,B,-,-,-,A,A,B,-,A,-,B,A,-,A,B,B,-,-,B,-
55,1,25,B,B,A,B,B,B,A,A,B,B,A,A,B,A,B,A,B,A,-,A,B,A,A,A,A,B,B,B,A,B,B,B,B,B,A,B,A,A,A,B,A,A,B,B,B,A,B,A,A,A,A,-,A,B,B,A,A,B,B,B,B,A,B,A,B,A,B,A,A,B,B,B,A,B,B,A,A,A,A,B,B,A,A,A,B,B,B,A,B,A,A,B,B,-,A,B,B,B,A,B
74,5,10,A,B,A,B,A,B,B,A,A,B,A,B,B,B,B,B,B,A,A,B,A,A,-,A,A,A,A,A,-,A,-,B,B,B,A,B,A,A,-,A,A,B,A,-,B,-,A,A,B,A,-,A,B,B,B,A,A,A,B,A,B,B,A,B,B,A,B,B,B,A,B,A,A,A,A,B,A,B,B,A,A,B,B,B,A,A,B,B,A,B,B,-,A,A,B,A,A,-,A,A
70,NA,NA,B,B,A,A,A,B,B,A,A,-,A,A,B,A,A,B,A,A,A,B,A,B,A,A,A,B,A,A,B,B,A,A,B,A,A,B,B,B,A,A,A,A,A,B,B,A,B,B,B,A,-,B,B,A,A,B,B,A,B,A,A,A,B,A,A,A,B,B,A,B,-,B,A,B,B,B,A,A,B,A,A,B,A,A,B,A,B,B,B,B,A,A,A,B,A,B,A,B,B,A
